Categoria,Subcategoria,Descripcion
Selección Única y Múltiple,Cadenas (str),
Selección Única y Múltiple,"Estructuras de Datos (list, dict, set)",
Selección Única y Múltiple,Tipado (typing),
I Parcial 2026 - Selección,Expresiones Booleanas,
I Parcial 2026 - Selección,"Operadores, Jerarquía y Condicionales",
I Parcial 2026 - Selección,Teoría General y Conceptos Básicos,
Desarrollo,Colecciones,
Desarrollo,Inmutabilidad y Cadenas,
I Parcial 2026 - Rastreo de Código,General,
Identificación de Errores,Lógica de Diccionarios,
Identificación de Errores,Sintaxis,
Asociación de Conceptos,Métodos y Estructuras,
